index	label	sequence
0	1	AAPFLECQGRQGTCHFFAN
1	1	ANIKLSVQMKLFKRHLKWKIIVKLNDGRELSLDA
2	1	CDSDSDITWDQLWDLMK
3	1	CETWRTETTGATGQASSLLSGRLLEQKAASCHNSYIVLCIENSFMTSFSK
4	1	CKITRCPMIPCYISSPDECLWMDWVTEKNINGHQAKFFACIKRSDGSCAWYRGAAPPKQEFLDIEDP
5	1	CQNHHAKHGKVC
6	1	DDDDDNDKIPDDRDN
7	1	DDDDKRAGSPSGGPFCALARQPLTGSPPNERAFFCSSRDV
8	1	DGRELCLDPKENWVQRVVEKFLK
9	1	DGRKICLDPDAPRIKKIVQKKL
10	1	DLWIRETLTSPKSLTG
11	1	DPFFKVPVNKLAAAVSNFGYDLYRVRSSTSPTTN
12	1	DPPEGLUGTKPPROH
13	1	DRSTREPIYMSTI
14	1	DSSPVSTEQLAPTA
15	1	EGLPGPQGPKGFPGLPGLTG
16	1	EIPSCESSASPDQSDSSVPPEE
17	1	EKSSRPEFYKVILGAHEEYIRG
18	1	EKYEGKISKTMSGLDCQAWDS
19	1	ESLARPCAPGAPAEARL
20	1	FCNINNVCNFASRNDYSYW
21	1	FLKDHRISTFKNWPF
22	1	FLSSRLQDLYSIVRRADRAA
23	1	GFHDHGPCDPPSHK
24	1	GHRATSDLASTGEESQD
25	1	GPWEDCSVSCGGGEQLRSR
26	1	GPWEPCSVTCSKGTRTRRR
27	1	GPWERCTAQCGGGIQARRR
28	1	GPWGDCSRTCGGGVQFSSR
29	1	GPWGPCSGSCGPGRRLRRR
30	1	HGLGHGHEQQHGLGHGHKFKLDDDLEHQGGHVLD
31	1	HGSTTLRDITV
32	1	HHPHGHHPHGHHPHGHHPHG
33	1	HKLINTEGHHS
34	1	HTHQDFQPVLHLVALNTPLSGGMRGIR
35	1	IMRIKQGQIGQMTI
36	1	INEFLERSGIPRQRNQ
37	1	INGSLDKRLLPDVET
38	1	INGSLDKRVQDCYHG
39	1	INLEACLKRGRT
40	1	ITMQGIQGQKIRMIMF
41	1	KAFDITYVRLKF
42	1	KCGHKHQCAVHN
43	1	KIKSCYYLPCFVTS
44	1	KRFKQDGGWSHWSPWSSCSVTCGDGVITRIRLCNSPSPQMNGKPCEGEARETKACKKDACPI
45	1	KSVRGKGKGQKRKRKKSRYK
46	1	LHCPALVTYNTDTFESMPNPEGRYTFGASCV
47	1	LLRISLLLIQSWLE
48	1	LPGLTGSKGVRGISGLPGFSG
49	1	LRRFSTMPFMFCNINNVCNF
50	1	LRSRGELVAKFLAGEQSPEDYVAE
51	1	LSSTCILVLVKDILVLVVKEILVLVVKDKPI
52	1	LVPLPKIKNSTFT
53	1	LVPRGSRAGSPSGGPFCALARQPLTGARLMSGLFFALHET
54	1	MEPECNLNCTD
55	1	MFSPILSLEIILALATLQSVFAQPVICTTVGSAAEGS
56	1	MLQNSAVLLLLVISASA
57	1	NGKQVCLDPEAPFLKKVIQKILDS
58	1	NGREACLDPEAPMVQKIVQKMLKG
59	1	NGRKACLNPASPIVKKIIEKMLNS
60	1	NVLLSPLSVATALSALSLGAEQRTES
61	1	PGLKGKRGDSGSPATWTTRG
62	1	PTGERLRTCERLSYP
63	1	QEPHRHSIFTPQTNPRADLEKN
64	1	QMIVIELGTNPLKSSGIENGAFQGMK
65	1	QPWGTCSESCGKGTQTRAR
66	1	QPWSQCSATCGDGVRERRR
67	1	RCRLAERRQIAK
68	1	RIFGESVSLRVQDWEW
69	1	RPFVEMYSEIPE
70	1	RQVFQVAYIIIKA
71	1	RRPAAAGKRRREKQRPSDKPRR
72	1	RRPKGRAMRREKQRPSDKPRR
73	1	RRPKGRGKRRREKQRPTDCHLCGDAVPRR
74	1	SAWRACSVTCGKGIQKRSR
75	1	SEWSDCSVTCGKGMRTRQR
76	1	SKRKSRPVSVKTFEDIPLEEP
77	1	SKWSECSRTCGGGVKFQER
78	1	SPNITVTLKKFPL
79	1	SPSTHPNEGLEENYCRNPDN
80	1	SPWSKCSAACGQTGVQTRTR
81	1	SPWSPCSGNCSTGKQQRTR
82	1	SPWSPCSTSCGLGVSTRI
83	1	SPWSQCTASCGGGVQTR
84	1	SPWTKCSATCGGGHYMRTR
85	1	SRTVRKTSRLWSSLSLNTCNNVHSKS
86	1	SSTSPHRPRFS
87	1	TAWGPCSTTCGLGMATRV
88	1	TEWSACNVRCGRGWQKRSR
89	1	TEWSVCNSRCGRGYQKRTR
90	1	TEWTACSKSCGMGFSTRV
91	1	TGASSEEEDPF
92	1	TKPPRKRPPKTKKRPPKTTKPPRGZOG
93	1	TKWTPCSRTCGMGISNRV
94	1	TLPFAYCNIHQVCHYAQRNDRSYWL
95	1	TQWTSCSKTCNSGTQSRHR
96	1	TSLDASIIWAMMQN
97	1	TSWSQCSKTCGTGISTRV
98	1	TTITGKKCQSWAAMFPHRHSKT
99	1	VGSGGCMFGNGK
100	1	VIFEWTLLQVLSESDQDQSLEVFLT
101	1	VVGSPSAQDEASPL
102	1	WTRCSSSCGRGVSVRSR
103	1	YCNINEVCHYARRNDKSYWL
104	1	YPYDVPDYASL
105	1	YRIPIVRRLQRR
106	1	YTMNPRKLFDY
107	0	ADNWQSFDRWKDH
108	0	AEALAALRALADKNQVF
109	0	AFAQFGSDLDAATQKLLNRGARLTELMKQPQ
110	0	AGAGYALLALIGTEAAS
111	0	AKAAETKSSSEQELRITQS
112	0	ATSINNSSLPDV
113	0	AVVQKRFGFPEGSV
114	0	DDVWNMKYLRGFKWADLMEQVQRE
115	0	DKAFIAFLEETFDQFLP
116	0	DMEAFTKLTDNIFLE
117	0	DVSKLKEGEQYMSFCTFPGHSALM
118	0	EALDAARYYANV
119	0	EASGPSFVSSHYLQESPGGISLEGSELTFPD
120	0	EDWSLDSRPGKSTKNSRNK
121	0	EGELLILENVRFNKGEKKDD
122	0	EHNDLRLCCKQIVEEA
123	0	EKAGLKIVAAKMLQLSQAQAEG
124	0	EKQIEQLVAQDLVRHFADLYRIDIPT
125	0	ELLIEDHIKTACNWGTTHK
126	0	ENGSTAIVVGRPITQAADPQKAYE
127	0	ERYAALLHDLGKAKTPSDILPRHHGHDLAGVEPVRKVNQRLRAPKHCAEL
128	0	FEPQVMKIMANVRPDRQTVLFSATFPRNMEALARKTLNKPVEIVVGGKSVVAPEITQIVEVR
129	0	FFTPSASHPAYVNFA
130	0	FGRLGTMFGSDLYNIKPDLV
131	0	FTSALSRAQKT
132	0	FTVRKISNGEGVERAFQTH
133	0	GALTDPTAQLVYLQKDGGL
134	0	GGPAERLTYEGDYNARGV
135	0	GHENISTTQIYTHLDFQHLADVYDQAHPRARKKSSQHKEE
136	0	GIVFQFFNLIPTLTVLENITLP
137	0	GKGVKTEFNRHVEDIKRESDGAWVL
138	0	GKSVADAIAILTFTPNKAAEII
139	0	GLHKGNKVNLTLRPAPANTGLIFRRVD
140	0	GMIFLELNFKGAEEIYYKHVHCRGGCSVFFSKISGVLTFM
141	0	GPEGMLSIAAPARDLKLATIELEHSHPLGRLWDIDVLTPEGEILSRRDYSLPPRRCLLCEQSAAVCA
142	0	GSGRTDARVHAQGQ
143	0	GSKFDSSLDRNRPFEFTLGAGQVIK
144	0	GTSIVGIVENGISVLGKIF
145	0	HGGRVTLMEITDDGLAILQFGGGCNGCSMVDFTL
146	0	HSGNIWVDSDPARKSNPRFIVLD
147	0	HSSREKIVIPFFSLLIKDIYFLNEGCA
148	0	HVLSRLSYISALGMMTRITS
149	0	HWMYQGKHVLIIFDD
150	0	IAELGTAEFPRLRIGIGRPAP
151	0	IEHPVLMARKPRFR
152	0	IEVTHWVQSRRAYAQGALEAARRLIGRPP
153	0	IFTFAGLIDHSHDFIIGFHAV
154	0	IHRAAGPALINACY
155	0	IIYITEEMGLLLGYSPIEILEKRF
156	0	INLTIAVHNGR
157	0	IVDDWIYMIEEICKI
158	0	IWIDPGFGFAKSVQQNTELLKGLDRVCQLGYPVL
159	0	KFGADCKYKFES
160	0	KLCGTNSDAYGFSANLDDS
161	0	KLLDIADLHSEMKPLH
162	0	KMVTADYIKEGA
163	0	KVSVWSKVLRSDAAWDDK
164	0	LASAYGLAKHRDGRWEWA
165	0	LGYLGPDLADSAIAVNESIIPKFLRLVDPTAAELQNF
166	0	LHRGRIPEHQREESEV
167	0	LLSEYIPSVPNCWSLLKNKKT
168	0	LMEYEQNENPMK
169	0	LVAPVTVGKGA
170	0	LVVVPPYVIRY
171	0	MASGNAVCGSSAIAAVEP
172	0	MQSLVDIAAVTELAHAAGAKV
173	0	MRIVDLGAAPGGWSQVAAKK
174	0	MTGLVKWFNPE
175	0	MVFITVSTGVGGGVVSGGKLLTGPGG
176	0	MVSSEKAMANPDSMEIDSQTISQQVLITSQSGSV
177	0	MYNSLLRMTGACHKKCVPPH
178	0	NDNTPEILYPTI
179	0	NGWLHCPADPDLIF
180	0	NITVMTSGFAFHYYVNNPH
181	0	NTKFDELMEFP
182	0	PDLCSWEEAQLSS
183	0	PKLTALVENVAEQQGINLTS
184	0	QAGADISMIGQFGVGFYSA
185	0	QAITDIHLDRV
186	0	QAQQKIILETFILFEDEVGKKL
187	0	QGCKMNNINVVYTPWANLKK
188	0	QMLEEGLLDEVQALLAAGIKGN
189	0	QTTIHVLPTAPTTVNVT
190	0	RELAAEVGSLLT
191	0	RHPDCKIVRRRGRV
192	0	RPGTPLFTVKAYL
193	0	RSERLAKLNQILRI
194	0	RVEQPENPMLDARVQAFRIA
195	0	SGNMLAGGGTLYLYALGMG
196	0	SMGPMPESGQLVFQTANLT
197	0	STDVSWEELRDTE
198	0	SYDLGERKPSSAAYQKAPT
199	0	SYRDKEMSATFRQIL
200	0	TEGIDAMGEVTIRLRRDGQLFSGHAA
201	0	TIASMPAVDEINRLSN
202	0	TLPHQRLIVATDRGIFYKM
203	0	VAATDGVGTKLKIAIDTGN
204	0	VAFKPNSTNIHVENVTVYG
205	0	VCHGNCPQSNNAFFQPLDP
206	0	VFSTTSLVVVAHYKGLTVA
207	0	VIVCLLGTAGLFLPPWLA
208	0	VKVIEAVRARTPKTT
209	0	VQDFGTALKVPK
210	0	VVRLAREPGKRESRYMH
211	0	YEDLRDESLKGLVDIGF
212	0	YFLIQSVSSTVMLLNGLYIFVN
213	0	YNLSDTIKAFSILLLTDLCI
